Feature,Importance
worst perimeter,0.13314310174708005
worst area,0.12805221590080146
worst concave points,0.10825637189274324
mean concave points,0.09430029374083582
worst radius,0.09060638294848655
mean radius,0.0586622776028291
mean perimeter,0.055156727366450185
mean area,0.04991480728236362
mean concavity,0.046293332660331164
worst concavity,0.0353581090165336
area error,0.03436764533032063
mean compactness,0.018093599420845836
worst texture,0.01787016037920533
worst compactness,0.014497705517912303
mean texture,0.014318512472304494
worst smoothness,0.014028217846461988
radius error,0.01345390137807856
worst symmetry,0.009539828797096054
perimeter error,0.008138185252323335
concavity error,0.007136480491296975
worst fractal dimension,0.006480699324880415
mean smoothness,0.0062641637584492475
texture error,0.005410112725341686
mean symmetry,0.00500515039963572
compactness error,0.0045905056973032125
symmetry error,0.004586382551247837
mean fractal dimension,0.004465439042729316
fractal dimension error,0.004277720120207032
smoothness error,0.004105206066534846
concave points error,0.0036267632693704295
